istanza,Q,n,K,obiettivo,variante,stato,obj,bound,gap,tempo,nodi_bb,veicoli,costo,regret,regret_grezzo,regret_max,regret_max_grezzo,rifiuti,ar,regret_medio_servito,time_limit,mip_gap,nota
Trieste_Q3.20.1,3,20,5,fc,II,ottimo,155.40009999999998,155.40009999999998,0.0,0.026999950408935547,1.0,5,155.40009999999998,125.90599999999995,180.21879999999953,30.470799999999997,30.470799999999997,0,100.0,6.2952999999999975,600.0,0.0,
Trieste_Q3.20.1,3,20,5,fr,II,ottimo,73.34879999999968,73.34879999999968,0.0,0.31999993324279785,163.0,5,179.2584,73.34879999999998,73.34879999999973,12.328000000000003,12.328000000000003,0,100.0,3.667439999999999,600.0,0.0,
Trieste_Q3.20.1,3,20,5,fcr,II,ottimo,247.76641085981768,247.76641085981768,0.0,0.17400002479553223,185.0,5,171.5205,76.24600000000001,76.2458975744481,27.493600000000015,27.493600000000015,0,100.0,3.8123000000000005,600.0,0.0,
Trieste_Q3.20.1,3,20,5,frcr,II,ottimo,190.83169999999885,190.83169999999882,0.0,0.05299997329711914,1.0,5,131.9301,18.901599999999966,18.901599999999135,7.038800000000009,7.038799999999796,2,90.0,1.050088888888887,600.0,0.0,
Trieste_Q3.20.1,3,20,5,frmax,II,ottimo,10.487599998851241,10.487599998851241,0.0,0.06100010871887207,1.0,5,186.4959,103.3108,120.885999995405,10.4876,10.487599999999986,0,100.0,5.16554,600.0,0.0,
Trieste_Q3.20.1,3,20,5,fcrmax,II,ottimo,214.5507000000001,214.55070000000006,0.0,0.125,1.0,5,167.9971,107.29840000000004,107.2983999999999,11.638400000000019,11.638400000000019,0,100.0,5.364920000000002,600.0,0.0,
Trieste_Q3.20.2,3,20,5,fc,II,ottimo,152.0772,152.0772,0.0,0.014999866485595703,1.0,5,152.0772,106.59039999999997,233.42759999999993,20.338399999999993,23.416799999999995,0,100.0,5.329519999999999,600.0,0.0,
Trieste_Q3.20.2,3,20,5,fr,II,ottimo,34.21679999999982,34.21679999999982,0.0,0.015000104904174805,1.0,5,180.05270000000002,34.21679999999998,34.21679999999992,11.646399999999971,11.6464,0,100.0,1.7108399999999988,600.0,0.0,
Trieste_Q3.20.2,3,20,5,fcr,II,ottimo,207.79959999999983,207.79959999999983,0.0,0.019999980926513672,1.0,5,167.29840000000002,40.50119999999998,40.50119999999984,11.646399999999971,11.6464,0,100.0,2.025059999999999,600.0,0.0,
Trieste_Q3.20.2,3,20,5,frcr,II,ottimo,173.796,173.796,0.0,0.016000032424926758,1.0,5,113.79599999999999,0.0,0.0,0.0,0.0,3,85.0,0.0,600.0,0.0,
Trieste_Q3.20.2,3,20,5,frmax,II,ottimo,11.646399999999929,11.646399999999929,0.0,0.009000062942504883,1.0,5,176.9837,64.66400000000003,110.47084774899889,11.646399999999971,11.646399999999971,0,100.0,3.2332000000000014,600.0,0.0,
Trieste_Q3.20.2,3,20,5,fcrmax,II,ottimo,204.2376999999997,204.2376999999997,0.0,0.019999980926513672,1.0,5,157.6521,69.82399999999998,119.63639999999899,11.646399999999971,11.646399999999971,0,100.0,3.491199999999999,600.0,0.0,
Trieste_Q3.20.3,3,20,4,fc,II,ottimo,114.72749999999999,114.72749999999999,0.0,0.013000011444091797,1.0,4,114.72749999999999,35.023200000000024,131.65079999999986,12.86760000000001,15.000000000000043,0,100.0,1.7511600000000012,600.0,0.0,
Trieste_Q3.20.3,3,20,4,fr,II,ottimo,33.41199999999972,33.41199999999972,0.0,0.03899979591369629,1.0,4,125.4138,33.41200000000003,33.41199999999986,10.95320000000001,10.95320000000001,0,100.0,1.6706000000000014,600.0,0.0,
Trieste_Q3.20.3,3,20,4,fcr,II,ottimo,149.18029999999965,149.18029999999965,0.0,0.026000022888183594,1.0,4,115.7683,33.41200000000003,33.41199999999977,10.95320000000001,10.95320000000001,0,100.0,1.6706000000000014,600.0,0.0,
Trieste_Q3.20.3,3,20,4,frcr,II,ottimo,143.16229999999945,143.16229999999945,0.0,0.03099989891052246,1.0,4,99.3931,23.769200000000033,23.769199999999618,10.95320000000001,10.95320000000001,1,95.0,1.2510105263157911,600.0,0.0,
Trieste_Q3.20.3,3,20,4,frmax,II,ottimo,10.953199999999917,10.953199999999917,0.0,0.017000198364257812,1.0,4,135.2363,48.855200000000046,53.171199999999295,10.95320000000001,10.953199999999924,0,100.0,2.4427600000000025,600.0,0.0,
Trieste_Q3.20.3,3,20,4,fcrmax,II,ottimo,159.58110000000002,159.58110000000002,0.0,0.031000137329101562,1.0,4,115.7683,33.41200000000003,72.82458598442682,10.95320000000001,10.95320000000001,0,100.0,1.6706000000000014,600.0,0.0,
Trieste_Q3.20.4,3,20,4,fc,II,ottimo,131.8,131.79999999999998,0.0,0.014000177383422852,1.0,4,131.8,126.1348,148.6692,25.70920000000001,25.70920000000001,0,100.0,6.30674,600.0,0.0,
Trieste_Q3.20.4,3,20,4,fr,II,ottimo,76.24959999999965,76.24959999999965,0.0,0.02700018882751465,1.0,4,144.6947,76.24960000000002,76.24959999999973,25.70920000000001,25.70920000000001,0,100.0,3.8124800000000008,600.0,0.0,
Trieste_Q3.20.4,3,20,4,fcr,II,ottimo,213.2688,213.2688,0.0,0.0280001163482666,1.0,4,136.9048,76.36400000000002,76.36400000000002,25.70920000000001,25.70920000000001,0,100.0,3.818200000000001,600.0,0.0,
Trieste_Q3.20.4,3,20,4,frcr,II,ottimo,152.41129999999976,152.41129999999976,0.0,0.01699995994567871,1.0,4,110.2285,2.1828000000000003,2.182799999999787,2.068399999999997,2.068399999999883,2,90.0,0.12126666666666669,600.0,0.0,
Trieste_Q3.20.4,3,20,4,frmax,II,ottimo,14.880399999999494,14.880399999999494,0.0,0.015999794006347656,1.0,4,147.753,84.61559999999999,84.61559999999876,14.880400000000009,14.880399999999696,0,100.0,4.230779999999999,600.0,0.0,
Trieste_Q3.20.4,3,20,4,fcrmax,II,ottimo,199.9701999999997,199.9701999999997,0.0,0.03099989891052246,1.0,4,140.4486,95.32279999999999,104.60119999999974,14.880400000000009,14.880400000000009,0,100.0,4.766139999999999,600.0,0.0,
Trieste_Q3.20.5,3,20,4,fc,II,ottimo,107.32400000000001,107.32399999999998,0.0,0.03099989891052246,1.0,4,107.324,73.69800000000001,199.74780000000018,14.845200000000006,22.725600000000014,0,100.0,3.6849000000000003,600.0,0.0,
Trieste_Q3.20.5,3,20,4,fr,II,ottimo,48.41599999999944,48.41599999999944,0.0,0.023999929428100586,1.0,4,126.8545,48.41600000000001,48.4159999999997,14.171199999999999,14.171199999999999,0,100.0,2.4208000000000007,600.0,0.0,
Trieste_Q3.20.5,3,20,4,fcr,II,ottimo,163.8411999999994,163.8411999999994,0.0,0.03600001335144043,1.0,4,114.2404,49.60080000000001,49.60079999999965,14.171199999999999,14.171199999999999,0,100.0,2.4800400000000002,600.0,0.0,
Trieste_Q3.20.5,3,20,4,frcr,II,ottimo,152.9717999999994,152.9717999999994,0.0,0.03299999237060547,1.0,4,102.6766,30.295200000000005,30.295199999999664,13.845200000000006,13.845200000000006,1,95.0,1.594484210526316,600.0,0.0,
Trieste_Q3.20.5,3,20,4,frmax,II,ottimo,14.092399999999918,14.092399999999918,0.0,0.01699995994567871,1.0,4,126.0144,63.9756,93.79419999999982,14.092399999999998,14.092399999999998,0,100.0,3.19878,600.0,0.0,
Trieste_Q3.20.5,3,20,4,fcrmax,II,ottimo,163.6935999999997,163.69359999999966,0.0,0.03299999237060547,1.0,4,107.324,73.69800000000001,162.36872037856543,14.092399999999998,14.092399999999998,0,100.0,3.6849000000000003,600.0,0.0,
Trieste_Q6.20.1,6,20,6,fc,II,ottimo,164.4551,164.4551,0.0,0.007999897003173828,1.0,6,164.4551,72.39639999999997,154.1559999999999,12.4572,15.0,0,100.0,3.6198199999999985,600.0,0.0,
Trieste_Q6.20.1,6,20,6,fr,II,ottimo,45.24040000000007,45.24040000000007,0.0,0.01399993896484375,1.0,6,177.7755,45.24039999999997,45.24040000000007,12.4572,12.457200000000014,0,100.0,2.262019999999999,600.0,0.0,
Trieste_Q6.20.1,6,20,6,fcr,II,ottimo,213.22700000000012,213.2270000000001,0.0,0.01399993896484375,1.0,6,167.9866,45.24039999999997,45.240400000000086,12.4572,12.457200000000014,0,100.0,2.262019999999999,600.0,0.0,
Trieste_Q6.20.1,6,20,6,frcr,II,ottimo,175.18670000000003,175.18669999999975,0.0,0.007999897003173828,1.0,6,132.4531,2.7336000000000027,2.733600000000017,1.9196000000000026,1.9196000000000168,2,90.0,0.15186666666666682,600.0,0.0,
Trieste_Q6.20.1,6,20,6,frmax,II,ottimo,12.4572,12.4572,0.0,0.004999876022338867,1.0,6,183.007,69.47799999999995,77.9567999999997,12.4572,12.4572,0,100.0,3.4738999999999978,600.0,0.0,
Trieste_Q6.20.1,6,20,6,fcrmax,II,ottimo,214.28390000000002,214.28390000000002,0.0,0.006999969482421875,1.0,6,164.45510000000002,65.16199999999998,81.5275999999997,12.4572,12.4572,0,100.0,3.258099999999999,600.0,0.0,
Trieste_Q6.20.2,6,20,6,fc,II,ottimo,164.71220000000002,164.71219999999997,0.0,0.007999897003173828,1.0,6,164.7122,67.0464,111.99479999999996,14.267200000000003,15.0,0,100.0,3.35232,600.0,0.0,
Trieste_Q6.20.2,6,20,6,fr,II,ottimo,45.658800000000014,45.65879999999902,0.0,0.007999897003173828,1.0,6,179.784,45.658800000000014,45.658800000000014,14.267200000000003,14.267200000000003,0,100.0,2.282940000000001,600.0,0.0,
Trieste_Q6.20.2,6,20,6,fcr,II,ottimo,216.60959999999997,216.6095999999991,0.0,0.01699995994567871,1.0,6,168.6076,48.00199999999998,48.00199999999998,14.267200000000003,14.267200000000003,0,100.0,2.4000999999999992,600.0,0.0,
Trieste_Q6.20.2,6,20,6,frcr,II,ottimo,198.60880000000003,198.60879999999986,0.0,0.026999950408935547,1.0,6,118.6088,0.0,0.0,0.0,0.0,4,80.0,0.0,600.0,0.0,
Trieste_Q6.20.2,6,20,6,frmax,II,ottimo,14.267200000000003,14.267200000000003,0.0,0.009999990463256836,0.0,6,182.761,47.67399999999998,78.76079999999997,14.267200000000003,14.267200000000003,0,100.0,2.383699999999999,600.0,0.0,
Trieste_Q6.20.2,6,20,6,fcrmax,II,ottimo,221.78100000000003,221.78099999999998,0.0,0.009000062942504883,1.0,6,164.7122,67.0464,86.92679999999997,14.267200000000003,14.267200000000003,0,100.0,3.35232,600.0,0.0,
Trieste_Q6.20.3,6,20,5,fc,II,ottimo,156.0369,156.0369,0.0,0.009000062942504883,1.0,5,156.0369,70.952,135.29959999999983,18.923599999999993,18.923599999999993,0,100.0,3.5476,600.0,0.0,
Trieste_Q6.20.3,6,20,5,fr,II,ottimo,43.51639999999993,43.51639999999993,0.0,0.01699995994567871,1.0,5,167.6876,43.516399999999976,43.51639999999992,18.923599999999993,18.923599999999993,0,100.0,2.175819999999999,600.0,0.0,
Trieste_Q6.20.3,6,20,5,fcr,II,ottimo,204.71609999999953,204.71609999999953,0.0,0.017000198364257812,1.0,5,161.1997,43.516399999999976,43.51639999999966,18.923599999999993,18.923599999999993,0,100.0,2.175819999999999,600.0,0.0,
Trieste_Q6.20.3,6,20,5,frcr,II,ottimo,153.59750000000003,153.59749999999985,0.0,0.01100015640258789,1.0,5,113.5975,0.0,0.0,0.0,0.0,2,90.0,0.0,600.0,0.0,
Trieste_Q6.20.3,6,20,5,frmax,II,ottimo,18.923600000000025,18.923600000000025,0.0,0.009999990463256836,1.0,5,165.11599999999999,56.049199999999956,56.04919999999953,18.923599999999993,18.923599999999993,0,100.0,2.8024599999999977,600.0,0.0,
Trieste_Q6.20.3,6,20,5,fcrmax,II,ottimo,231.7313000000001,231.7313000000001,0.0,0.015000104904174805,1.0,5,156.0369,70.952,70.95199999999976,18.923599999999993,18.923599999999993,0,100.0,3.5476,600.0,0.0,
Trieste_Q6.20.4,6,20,6,fc,II,ottimo,147.802,147.802,0.0,0.009000062942504883,1.0,6,147.802,65.30119999999998,166.37060000000014,13.086000000000013,17.926000000000045,0,100.0,3.265059999999999,600.0,0.0,
Trieste_Q6.20.4,6,20,6,fr,II,ottimo,46.27199999999996,46.27199999999948,0.0,0.006999969482421875,1.0,6,172.9735,46.27199999999996,46.27199999999999,13.086000000000013,13.086000000000013,0,100.0,2.3135999999999983,600.0,0.0,
Trieste_Q6.20.4,6,20,6,fcr,II,ottimo,196.373,196.373,0.0,0.029999971389770508,1.0,6,149.2902,47.08279999999996,47.08279999999999,13.086000000000013,13.086000000000013,0,100.0,2.3541399999999983,600.0,0.0,
Trieste_Q6.20.4,6,20,6,frcr,II,ottimo,171.29379999999998,171.29379999999992,0.0,0.015000104904174805,1.0,6,124.1162,7.177600000000012,7.17759999999997,6.366800000000012,6.366799999999955,2,90.0,0.39875555555555625,600.0,0.0,
Trieste_Q6.20.4,6,20,6,frmax,II,ottimo,13.086000000000013,13.086000000000013,0.0,0.004000186920166016,0.0,6,162.2429,90.56719999999999,94.74480000000008,13.086000000000013,13.086000000000013,0,100.0,4.528359999999999,600.0,0.0,
Trieste_Q6.20.4,6,20,6,fcrmax,II,ottimo,200.14600000000004,200.14600000000004,0.0,0.009999990463256836,1.0,6,147.802,65.30119999999998,77.51560000000018,13.086000000000013,13.086000000000013,0,100.0,3.265059999999999,600.0,0.0,
Trieste_Q6.20.5,6,20,5,fc,II,ottimo,134.5285,134.5285,0.0,0.007999897003173828,1.0,5,134.5285,74.25799999999995,117.99119999999974,14.616799999999998,15.0,0,100.0,3.7128999999999976,600.0,0.0,
Trieste_Q6.20.5,6,20,5,fr,II,ottimo,2.268799999999999,2.268799999999999,0.0,0.007999897003173828,1.0,5,156.2761,2.268799999999999,2.268799999999999,2.268799999999999,2.268799999999999,0,100.0,0.11343999999999994,600.0,0.0,
Trieste_Q6.20.5,6,20,5,fcr,II,ottimo,147.24899999999994,147.2489999999991,0.0,0.010999917984008789,1.0,5,143.48059999999998,3.7683999999999855,3.768399999999957,2.268799999999999,2.268799999999999,0,100.0,0.18841999999999928,600.0,0.0,
Trieste_Q6.20.5,6,20,5,frcr,II,ottimo,147.249,147.249,0.0,0.015000104904174805,1.0,5,143.4806,3.7683999999999855,3.7683999999999784,2.268799999999999,2.2687999999999846,0,100.0,0.18841999999999928,600.0,0.0,
Trieste_Q6.20.5,6,20,5,frmax,II,ottimo,2.2688000000000272,2.2688000000000272,0.0,0.01100015640258789,1.0,5,150.4087,2.268799999999999,2.2688000000000272,2.268799999999999,2.2688000000000272,0,100.0,0.11343999999999994,600.0,0.0,
Trieste_Q6.20.5,6,20,5,fcrmax,II,ottimo,152.45030000000008,152.45030000000008,0.0,0.01100015640258789,1.0,5,143.3751,5.451599999999978,10.758400000000123,2.268799999999999,2.2688000000000272,0,100.0,0.2725799999999989,600.0,0.0,
Trieste_Q3.30.1,3,30,5,fc,II,ottimo,161.2594,161.2594,0.0,0.039999961853027344,1.0,5,161.2594,169.66000000000008,210.18639999999726,17.72399999999999,17.72399999999979,0,100.0,5.655333333333336,600.0,0.0,
Trieste_Q3.30.1,3,30,5,fr,II,ottimo,57.17399999999984,57.173999999999296,0.0,0.15400004386901855,1.0,5,187.725,57.17399999999995,57.173999999999864,14.280799999999992,14.280799999999964,0,100.0,1.9057999999999984,600.0,0.0,
Trieste_Q3.30.1,3,30,5,fcr,II,ottimo,234.4239999999998,234.4239999999998,0.0,0.0989999771118164,1.0,5,177.25,57.17399999999995,57.17399999999984,14.280799999999992,14.280799999999964,0,100.0,1.9057999999999984,600.0,0.0,
Trieste_Q3.30.1,3,30,5,frcr,II,ottimo,203.41039999999668,203.41039999999668,0.0,0.0410001277923584,1.0,5,160.7672,22.643199999999965,22.64319999999688,11.755599999999994,11.75559999999993,1,96.66666666666667,0.7807999999999988,600.0,0.0,
Trieste_Q3.30.1,3,30,5,frmax,II,ottimo,14.280799999999843,14.280799999999843,0.0,0.07200002670288086,1.0,5,188.10060000000001,80.61680000000001,110.7643999999991,14.280799999999992,14.280799999999907,0,100.0,2.687226666666667,600.0,0.0,
Trieste_Q3.30.1,3,30,5,fcrmax,II,ottimo,250.05359999999905,250.05359999999905,0.0,0.06800007820129395,1.0,5,164.3688,123.62920000000004,176.77399999999986,14.280799999999992,14.280799999999907,0,100.0,4.1209733333333345,600.0,0.0,
Trieste_Q3.30.2,3,30,6,fc,II,ottimo,194.6252,194.6252,0.0,0.06200003623962402,1.0,6,194.6252,166.0456,266.8987999999995,16.718000000000018,20.20320000000001,0,100.0,5.534853333333333,600.0,0.0,
Trieste_Q3.30.2,3,30,6,fr,II,ottimo,46.302799999999245,46.302799999999245,0.0,0.03800010681152344,1.0,6,223.7318,46.30279999999998,46.30279999999942,10.962400000000002,10.962400000000002,0,100.0,1.543426666666666,600.0,0.0,
Trieste_Q3.30.2,3,30,6,fcr,II,ottimo,262.15569999999866,262.15569999999866,0.0,0.051000118255615234,1.0,6,213.4737,48.68199999999998,48.68199999999898,10.962400000000002,10.962400000000002,0,100.0,1.6227333333333327,600.0,0.0,
Trieste_Q3.30.2,3,30,6,frcr,II,ottimo,239.2122,239.2122,0.0,0.03400015830993652,1.0,6,158.6554,0.5567999999999955,0.5567999999999813,0.5567999999999955,0.5567999999999813,4,86.66666666666667,0.021415384615384444,600.0,0.0,
Trieste_Q3.30.2,3,30,6,frmax,II,ottimo,10.962399999999938,10.962399999999938,0.0,0.042999982833862305,1.0,6,219.4018,56.20759999999998,140.411700640079,10.962400000000002,10.962400000000088,0,100.0,1.8735866666666658,600.0,0.0,
Trieste_Q3.30.2,3,30,6,fcrmax,II,ottimo,276.8458999999996,276.8458999999996,0.0,0.0690000057220459,1.0,6,211.0715,79.76159999999999,86.08459999999921,10.962400000000002,10.962399999999931,0,100.0,2.6587199999999998,600.0,0.0,
Trieste_Q3.30.4,3,30,6,fc,II,ottimo,185.3989,185.3989,0.0,0.040000200271606445,1.0,6,185.3989,164.67760000000007,187.45559999999776,18.189999999999998,18.189999999999998,0,100.0,5.489253333333336,600.0,0.0,
Trieste_Q3.30.4,3,30,6,fr,II,ottimo,46.31239999999991,46.31239999999934,0.0,0.06999993324279785,1.0,6,217.93009999999998,46.31239999999997,46.312399999999926,12.980000000000018,12.979999999999961,0,100.0,1.5437466666666657,600.0,0.0,
Trieste_Q3.30.4,3,30,6,fcr,II,ottimo,254.24709999999993,254.24709999999993,0.0,0.0840001106262207,1.0,6,206.5067,47.74040000000002,47.74039999999995,12.980000000000018,12.979999999999961,0,100.0,1.5913466666666674,600.0,0.0,
Trieste_Q3.30.4,3,30,6,frcr,II,ottimo,232.52929999999998,232.5292999999997,0.0,0.029000043869018555,1.0,6,167.2337,5.295600000000011,5.295599999999975,4.226400000000002,4.226399999999995,3,90.0,0.19613333333333374,600.0,0.0,
Trieste_Q3.30.4,3,30,6,frmax,II,ottimo,9.909600000000047,9.909600000000047,0.0,0.04199981689453125,1.0,6,218.3543,81.53320000000001,90.18959999999946,9.909600000000012,9.90960000000004,0,100.0,2.7177733333333336,600.0,0.0,
Trieste_Q3.30.4,3,30,6,fcrmax,II,ottimo,258.69719999999984,258.69719999999984,0.0,0.11899995803833008,127.0,6,199.2396,78.828,142.6139999999997,9.909600000000012,9.90960000000004,0,100.0,2.6276,600.0,0.0,
Trieste_Q3.30.5,3,30,5,fc,II,ottimo,190.7948,190.79479999999998,0.0,0.12400007247924805,1.0,5,190.7948,212.53200000000004,283.044,18.506399999999985,18.506399999999957,0,100.0,7.084400000000001,600.0,0.0,
Trieste_Q3.30.5,3,30,5,fr,II,ottimo,137.9847999999994,137.9847999999994,0.0,0.25099992752075195,1.0,5,212.05,137.98480000000006,137.98479999999944,15.02000000000001,15.019999999999982,0,100.0,4.599493333333336,600.0,0.0,
Trieste_Q3.30.5,3,30,5,fcr,II,ottimo,338.8875999999998,338.88759999999957,0.0,0.257000207901001,1.0,5,200.55360000000002,138.33400000000006,138.3339999999999,15.02000000000001,15.02000000000001,0,100.0,4.611133333333336,600.0,0.0,
Trieste_Q3.30.5,3,30,5,frcr,II,ottimo,263.9480999999985,263.9480999999985,0.0,0.12000012397766113,1.0,5,138.1681,25.78000000000001,25.77999999999873,10.687600000000003,10.687599999999762,5,83.33333333333333,1.0312000000000003,600.0,0.0,
Trieste_Q3.30.5,3,30,5,frmax,II,ottimo,14.902799998409574,14.902799998409574,0.0,0.11100006103515625,1.0,5,213.17770000000002,201.1364,261.8503999793242,14.902799999999992,14.902799998409577,0,100.0,6.704546666666667,600.0,0.0,
Trieste_Q3.30.5,3,30,5,fcrmax,II,ottimo,282.18859999999984,282.18859999999984,0.0,0.12899994850158691,1.0,5,192.0686,185.49840000000003,215.575599999997,15.02000000000001,15.02000000000001,0,100.0,6.183280000000001,600.0,0.0,
Trieste_Q6.30.1,6,30,7,fc,II,ottimo,220.02679999999998,220.02679999999998,0.0,0.034999847412109375,1.0,7,220.0268,144.5456,192.37199999999953,25.553200000000004,25.553200000000004,0,100.0,4.818186666666667,600.0,0.0,
Trieste_Q6.30.1,6,30,7,fr,II,ottimo,76.85760000000002,76.85759999999982,0.0,0.06200003623962402,1.0,7,247.6667,76.85759999999999,76.85760000000005,25.553200000000004,25.553200000000004,0,100.0,2.5619199999999998,600.0,0.0,
Trieste_Q6.30.1,6,30,7,fcr,II,ottimo,306.5582999999998,306.5582999999997,0.0,0.08099985122680664,1.0,7,223.6599,82.8984,82.89840000000002,25.553200000000004,25.553200000000004,0,100.0,2.76328,600.0,0.0,
Trieste_Q6.30.1,6,30,7,frcr,II,ottimo,270.2384999999997,270.2384999999997,0.0,0.03399991989135742,1.0,7,183.4957,6.742799999999988,6.742799999999704,5.074399999999997,5.074399999999827,4,86.66666666666667,0.2593384615384611,600.0,0.0,
Trieste_Q6.30.1,6,30,7,frmax,II,ottimo,13.859999999999822,13.859999999999822,0.0,0.0280001163482666,1.0,7,253.356,94.66319999999997,158.86159999999848,13.86,13.8599999999999,0,100.0,3.155439999999999,600.0,0.0,
Trieste_Q6.30.1,6,30,7,fcrmax,II,ottimo,307.02729999999866,307.02729999999866,0.0,0.08500003814697266,1.0,7,223.8673,136.5528,136.55279999999942,13.86,13.8599999999999,0,100.0,4.55176,600.0,0.0,
Trieste_Q6.30.2,6,30,7,fc,II,ottimo,220.70329999999996,220.70329999999996,0.0,0.015000104904174805,1.0,7,220.70329999999998,162.19919999999996,252.65319999999983,22.712000000000003,22.712000000000003,0,100.0,5.406639999999999,600.0,0.0,
Trieste_Q6.30.2,6,30,7,fr,II,ottimo,133.61439999999956,133.61439999999956,0.0,0.042999982833862305,1.0,7,235.447,133.6144,133.61439999999965,14.348799999999997,14.348799999999997,0,100.0,4.453813333333333,600.0,0.0,
Trieste_Q6.30.2,6,30,7,fcr,II,ottimo,358.7026999999996,358.7026999999987,0.0,0.039999961853027344,1.0,7,225.0883,133.6144,133.61439999999962,14.348799999999997,14.348799999999997,0,100.0,4.453813333333333,600.0,0.0,
Trieste_Q6.30.2,6,30,7,frcr,II,ottimo,276.4414999999999,276.4414999999999,0.0,0.017999887466430664,1.0,7,171.2563,25.185199999999995,25.18519999999988,11.064399999999978,11.06439999999995,4,86.66666666666667,0.9686615384615382,600.0,0.0,
Trieste_Q6.30.2,6,30,7,frmax,II,ottimo,14.348799999999997,14.348799999999997,0.0,0.011999845504760742,1.0,7,240.3413,170.00919999999996,188.79499999999956,14.348799999999997,14.348799999999997,0,100.0,5.666973333333332,600.0,0.0,
Trieste_Q6.30.2,6,30,7,fcrmax,II,ottimo,310.26329999999996,310.26329999999996,0.0,0.018000125885009766,1.0,7,224.1705,142.5724,182.0329999999993,14.348799999999997,14.348799999999997,0,100.0,4.752413333333333,600.0,0.0,
Trieste_Q6.30.3,6,30,7,fc,II,ottimo,219.7068,219.7068,0.0,0.03299999237060547,1.0,7,219.70680000000002,150.59480000000008,163.52279999999945,20.15360000000001,20.15360000000001,0,100.0,5.0198266666666695,600.0,0.0,
Trieste_Q6.30.3,6,30,7,fr,II,ottimo,75.69959999999935,75.69959999999935,0.0,0.10500001907348633,1.0,7,237.6781,75.69960000000009,75.69959999999944,12.958800000000025,12.958799999999997,0,100.0,2.523320000000003,600.0,0.0,
Trieste_Q6.30.3,6,30,7,fcr,II,ottimo,308.7871999999999,308.78719999999885,0.0,0.08999991416931152,1.0,7,233.0876,75.69960000000009,75.69959999999992,12.958800000000025,12.958800000000025,0,100.0,2.523320000000003,600.0,0.0,
Trieste_Q6.30.3,6,30,7,frcr,II,ottimo,271.9835999999996,271.9835999999996,0.0,0.053999900817871094,1.0,7,195.4004,16.583199999999948,16.58319999999965,8.460000000000008,8.459999999999837,3,90.0,0.6141925925925906,600.0,0.0,
Trieste_Q6.30.3,6,30,7,frmax,II,ottimo,11.762399999999882,11.762399999999882,0.0,0.04400014877319336,1.0,7,245.69740000000002,133.0596000000001,145.21579999999904,11.7624,11.7624,0,100.0,4.4353200000000035,600.0,0.0,
Trieste_Q6.30.3,6,30,7,fcrmax,II,ottimo,295.2303999999996,295.2303999999996,0.0,0.056999921798706055,1.0,7,221.9368,122.86800000000011,136.27839999999836,12.215599999999995,12.215599999999995,0,100.0,4.095600000000004,600.0,0.0,
Trieste_Q6.30.5,6,30,6,fc,II,ottimo,202.4484,202.4484,0.0,0.03099989891052246,1.0,6,202.4484,136.94079999999988,206.21860000000027,25.713599999999985,29.49600000000001,0,100.0,4.564693333333329,600.0,0.0,
Trieste_Q6.30.5,6,30,6,fr,II,ottimo,70.82079999999986,70.82079999999986,0.0,0.08699989318847656,1.0,6,218.5443,70.82079999999996,70.82079999999993,20.193600000000004,20.193600000000004,0,100.0,2.360693333333332,600.0,0.0,
Trieste_Q6.30.5,6,30,6,fcr,II,ottimo,287.19369999999896,287.19369999999896,0.0,0.11599993705749512,1.0,6,215.58010000000002,71.61359999999999,71.61359999999897,20.193600000000004,20.193599999999435,0,100.0,2.38712,600.0,0.0,
Trieste_Q6.30.5,6,30,6,frcr,II,ottimo,248.8045999999997,248.8045999999997,0.0,0.0409998893737793,1.0,6,198.4534,10.351200000000006,10.351199999999821,6.772400000000005,6.772399999999962,2,93.33333333333333,0.3696857142857145,600.0,0.0,
Trieste_Q6.30.5,6,30,6,frmax,II,ottimo,14.836799999999982,14.836799999999982,0.0,0.059999942779541016,1.0,6,225.1409,101.04359999999996,106.27509999999998,14.836799999999982,14.836799999999982,0,100.0,3.3681199999999984,600.0,0.0,
Trieste_Q6.30.5,6,30,6,fcrmax,II,ottimo,301.5948999999995,301.5948999999995,0.0,0.09200000762939453,1.0,6,212.5741,139.1411999999998,139.14119999999534,14.836799999999982,14.836799999999641,0,100.0,4.638039999999993,600.0,0.0,
Trieste_Q3.40.1,3,40,6,fc,II,ottimo,290.4647,290.4647,0.0,0.125,1.0,6,290.4647,292.2035999999999,323.9939999999938,28.748000000000005,28.747999999999763,0,100.0,7.305089999999997,600.0,0.0,
Trieste_Q3.40.1,3,40,6,fr,II,ottimo,218.52719999999908,218.52719999999908,0.0,0.3560001850128174,1.0,6,298.5338,218.52719999999994,218.52719999999923,24.986800000000002,24.986799999999974,0,100.0,5.463179999999999,600.0,0.0,
Trieste_Q3.40.1,3,40,6,fcr,II,ottimo,516.6093999999944,516.6093999999944,0.0,0.375,1.0,6,297.2034,219.40599999999995,219.40599999999552,24.986800000000002,24.986799999999974,0,100.0,5.485149999999999,600.0,0.0,
Trieste_Q3.40.1,3,40,6,frcr,II,ottimo,374.3505999999999,374.3505999999993,0.0,0.2349998950958252,1.0,6,223.62740000000002,10.723199999999991,10.723199999999935,2.641999999999996,2.641999999999996,7,82.5,0.32494545454545426,600.0,0.0,
Trieste_Q3.40.1,3,40,6,frmax,II,ottimo,24.986799999999974,24.986799999999974,0.0,0.11799979209899902,1.0,6,302.6384,266.3047999999998,323.22059999999703,24.986800000000002,24.986799999999974,0,100.0,6.657619999999994,600.0,0.0,
Trieste_Q3.40.1,3,40,6,fcrmax,II,ottimo,493.27659999999975,493.27659999999975,0.0,0.2090001106262207,1.0,6,293.3822,239.71399999999986,335.0433999999995,24.986800000000002,24.986799999999974,0,100.0,5.992849999999996,600.0,0.0,
Trieste_Q3.40.3,3,40,7,fc,II,ottimo,248.4016,248.4016,0.0,0.04700016975402832,1.0,7,248.4016,229.82499999999993,287.19699999999773,23.87440000000001,23.87440000000001,0,100.0,5.745624999999999,600.0,0.0,
Trieste_Q3.40.3,3,40,7,fr,II,ottimo,85.82279999999857,85.82279999999857,0.0,0.21399998664855957,1.0,7,283.9126,85.82280000000003,85.82279999999919,18.463200000000015,18.4631999999999,0,100.0,2.1455700000000006,600.0,0.0,
Trieste_Q3.40.3,3,40,7,fcr,II,ottimo,356.63339999999914,356.63339999999914,0.0,0.2219998836517334,1.0,7,268.4654,88.16800000000003,88.16799999999967,18.463200000000015,18.463200000000015,0,100.0,2.204200000000001,600.0,0.0,
Trieste_Q3.40.3,3,40,7,frcr,II,ottimo,326.89739999999904,326.89739999999904,0.0,0.0710000991821289,1.0,7,254.13500000000002,32.762400000000014,32.7623999999993,10.877600000000001,10.877599999999916,2,95.0,0.8621684210526319,600.0,0.0,
Trieste_Q3.40.3,3,40,7,frmax,II,ottimo,18.463199999999826,18.463199999999826,0.0,0.04200005531311035,1.0,7,299.81690000000003,194.6868000000001,211.6883999999955,18.463200000000015,18.46319999999993,0,100.0,4.867170000000002,600.0,0.0,
Trieste_Q3.40.3,3,40,7,fcrmax,II,ottimo,407.04690000000016,407.0469000000001,0.0,0.06599998474121094,1.0,7,259.3413,196.0255999999999,299.1113999999997,18.463200000000015,18.463200000000015,0,100.0,4.900639999999997,600.0,0.0,
Trieste_Q3.40.4,3,40,7,fc,II,ottimo,261.5887,261.5886999999999,0.0,0.3259999752044678,1.0,7,261.5887,275.7151999999997,364.3556000000005,28.966000000000008,31.33720000000001,0,100.0,6.892879999999993,600.0,0.0,
Trieste_Q3.40.4,3,40,7,fr,II,ottimo,120.60839999999165,120.60839999999143,0.0,0.4460000991821289,468.0,7,292.57349999999997,120.6083999999999,120.60839999999186,13.279999999999973,13.279999999999859,0,100.0,3.0152099999999975,600.0,0.0,
Trieste_Q3.40.4,3,40,7,fcr,II,ottimo,410.4830999999991,410.4830999999991,0.0,0.4869999885559082,653.0,7,287.0095,123.47359999999989,123.47359999999912,13.279999999999973,13.279999999999973,0,100.0,3.0868399999999974,600.0,0.0,
Trieste_Q3.40.4,3,40,7,frcr,II,ottimo,345.8625,345.8624999999997,0.0,0.17400002479553223,1.0,7,234.4401,31.42239999999999,31.422400000000017,8.101599999999998,8.101599999999998,4,90.0,0.8728444444444441,600.0,0.0,
Trieste_Q3.40.4,3,40,7,frmax,II,ottimo,13.279999998571693,13.279999998571693,0.0,0.24899983406066895,1.0,7,285.1457,186.43559999999997,244.6556058375386,13.279999999999973,13.279999999999696,0,100.0,4.660889999999999,600.0,0.0,
Trieste_Q3.40.4,3,40,7,fcrmax,II,ottimo,378.1136999999994,378.1136999999994,0.0,0.5079998970031738,170.0,7,271.8609,190.84319999999983,241.20759999999973,13.281600000000012,13.281600000000026,0,100.0,4.771079999999996,600.0,0.0,
Trieste_Q3.40.5,3,40,6,fc,II,ottimo,245.66450000000003,245.66449999999995,0.0,0.10500001907348633,1.0,6,245.6645,262.516,317.19479999999976,20.86,20.86,0,100.0,6.562900000000001,600.0,0.0,
Trieste_Q3.40.5,3,40,6,fr,II,ottimo,136.07199999999932,136.07199999999932,0.0,0.5929999351501465,203.0,6,278.6642,136.07200000000012,136.07199999999932,17.550800000000002,17.55079999999996,0,100.0,3.401800000000003,600.0,0.0,
Trieste_Q3.40.5,3,40,6,fcr,II,ottimo,410.8635999999995,410.8635999999995,0.0,0.4289999008178711,197.0,6,271.2988,139.56480000000008,139.56479999999954,16.384000000000007,16.384000000000007,0,100.0,3.489120000000002,600.0,0.0,
Trieste_Q3.40.5,3,40,6,frcr,II,ottimo,328.4752999999962,328.4752999999962,0.0,0.18900012969970703,1.0,6,230.1465,18.328800000000022,18.3287999999962,13.962800000000016,13.962800000000016,4,90.0,0.509133333333334,600.0,0.0,
Trieste_Q3.40.5,3,40,6,frmax,II,ottimo,14.860000000000003,14.860000000000003,0.0,0.07500004768371582,1.0,6,283.8819,194.77399999999997,226.03319999999584,14.86,14.86,0,100.0,4.869349999999999,600.0,0.0,
Trieste_Q3.40.5,3,40,6,fcrmax,II,ottimo,376.7169000000001,376.7169000000001,0.0,0.3810000419616699,1.0,6,257.8369,208.9984,288.746,14.86,14.860000000000014,0,100.0,5.22496,600.0,0.0,
Trieste_Q6.40.1,6,40,8,fc,II,ottimo,283.3072,283.3072,0.0,0.4610002040863037,32.0,8,283.30719999999997,181.08240000000004,248.49759999999998,14.91040000000001,15.0,0,100.0,4.5270600000000005,600.0,0.0,
Trieste_Q6.40.1,6,40,8,fr,II,ottimo,147.67239999999933,147.67239999999765,0.0,0.307999849319458,229.0,8,307.7979,147.67239999999998,147.6723999999993,14.508399999999966,14.508400000000023,0,100.0,3.6918099999999994,600.0,0.0,
Trieste_Q6.40.1,6,40,8,fcr,II,ottimo,443.2560999999998,443.2560999999998,0.0,0.35000014305114746,124.0,8,295.5837,147.67239999999998,147.67239999999978,14.508399999999966,14.508399999999966,0,100.0,3.6918099999999994,600.0,0.0,
Trieste_Q6.40.1,6,40,8,frcr,II,ottimo,322.3947999999998,322.3947999999996,0.0,0.0409998893737793,1.0,8,215.2352,7.159600000000001,7.159599999999742,4.042000000000002,4.041999999999916,5,87.5,0.20456000000000002,600.0,0.0,
Trieste_Q6.40.1,6,40,8,frmax,II,ottimo,14.508399999999995,14.508399999999995,0.0,0.22099995613098145,1.0,8,308.8153,180.05040000000008,210.37320000000022,14.508399999999966,14.508399999999995,0,100.0,4.501260000000002,600.0,0.0,
Trieste_Q6.40.1,6,40,8,fcrmax,II,ottimo,402.5904000000001,402.5904000000001,0.0,0.35199999809265137,282.0,8,283.30719999999997,181.08240000000004,234.29000000000013,14.91040000000001,14.910400000000038,0,100.0,4.5270600000000005,600.0,0.0,
Trieste_Q6.40.2,6,40,8,fc,II,ottimo,263.6511,263.6511,0.0,0.10400009155273438,1.0,8,263.6511,218.32799999999995,360.7562980669144,21.1524,27.430399999999963,0,100.0,5.458199999999999,600.0,0.0,
Trieste_Q6.40.2,6,40,8,fr,II,ottimo,89.28759999999878,89.28759999999784,0.0,0.23799991607666016,1.0,8,298.711,89.28759999999994,89.28759999999886,14.578000000000003,14.578000000000003,0,100.0,2.2321899999999983,600.0,0.0,
Trieste_Q6.40.2,6,40,8,fcr,II,ottimo,378.352199999998,378.35219999999754,0.0,0.17499995231628418,1.0,8,288.893,89.45919999999994,89.45919999999927,14.578000000000003,14.578000000000003,0,100.0,2.2364799999999985,600.0,0.0,
Trieste_Q6.40.2,6,40,8,frcr,II,ottimo,318.1896999999995,318.18969999999916,0.0,0.053999900817871094,1.0,8,197.0321,21.15759999999998,21.157599999999498,8.875599999999999,8.875599999999999,5,87.5,0.6045028571428566,600.0,0.0,
Trieste_Q6.40.2,6,40,8,frmax,II,ottimo,14.578000000000003,14.578000000000003,0.0,0.03600001335144043,1.0,8,309.4457,140.6055999999999,164.52399999999977,14.578000000000003,14.578000000000003,0,100.0,3.5151399999999975,600.0,0.0,
Trieste_Q6.40.2,6,40,8,fcrmax,II,ottimo,389.4667,389.4667,0.0,0.07700014114379883,1.0,8,272.8427,181.58559999999989,229.58208069704705,14.578000000000003,14.578000000000003,0,100.0,4.539639999999997,600.0,0.0,
Trieste_Q6.40.3,6,40,8,fc,II,ottimo,257.563,257.563,0.0,0.04200005531311035,1.0,8,257.563,177.63239999999996,301.8958,16.47120000000001,18.0004,0,100.0,4.440809999999999,600.0,0.0,
Trieste_Q6.40.3,6,40,8,fr,II,ottimo,86.87400000000007,86.87400000000007,0.0,0.14499998092651367,1.0,8,304.2488,86.87400000000007,86.87400000000007,14.115200000000002,14.115200000000002,0,100.0,2.171850000000002,600.0,0.0,
Trieste_Q6.40.3,6,40,8,fcr,II,ottimo,374.44689999999963,374.44689999999855,0.0,0.13100004196166992,1.0,8,280.8065,93.64040000000004,93.64039999999966,14.115200000000002,14.115200000000044,0,100.0,2.341010000000001,600.0,0.0,
Trieste_Q6.40.3,6,40,8,frcr,II,ottimo,324.5850999999999,324.5850999999999,0.0,0.06200003623962402,1.0,8,230.4203,14.16480000000007,14.1647999999999,4.498399999999997,4.498399999999997,4,90.0,0.39346666666666863,600.0,0.0,
Trieste_Q6.40.3,6,40,8,frmax,II,ottimo,14.115200000000002,14.115200000000002,0.0,0.05099987983703613,1.0,8,301.6909,150.3896,218.17879999999977,14.115200000000002,14.115200000000002,0,100.0,3.75974,600.0,0.0,
Trieste_Q6.40.3,6,40,8,fcrmax,II,ottimo,376.2886000000001,376.2886000000001,0.0,0.06699991226196289,1.0,8,263.367,173.55239999999998,205.66639999999825,14.115200000000002,14.115200000000002,0,100.0,4.33881,600.0,0.0,
Trieste_Q6.40.4,6,40,9,fc,II,ottimo,262.55859999999996,262.55859999999996,0.0,0.04199981689453125,1.0,9,262.5586,156.14199999999997,279.61240000000004,14.36239999999998,16.222000000000065,0,100.0,3.903549999999999,600.0,0.0,
Trieste_Q6.40.4,6,40,9,fr,II,ottimo,88.24079999999972,88.24079999999728,0.0,0.06699991226196289,1.0,9,294.9962,88.24080000000001,88.24079999999978,13.071600000000004,13.071600000000004,0,100.0,2.20602,600.0,0.0,
Trieste_Q6.40.4,6,40,9,fcr,II,ottimo,366.9520999999999,366.9520999999999,0.0,0.06999993324279785,1.0,9,277.6669,89.28519999999999,89.28519999999995,13.071600000000004,13.071600000000004,0,100.0,2.2321299999999997,600.0,0.0,
Trieste_Q6.40.4,6,40,9,frcr,II,ottimo,320.80510000000004,320.80510000000004,0.0,0.0410001277923584,1.0,9,240.4483,20.356799999999986,20.356799999999993,8.452799999999996,8.452799999999996,3,92.5,0.5501837837837834,600.0,0.0,
Trieste_Q6.40.4,6,40,9,frmax,II,ottimo,12.914399999999953,12.914399999999953,0.0,0.01900005340576172,1.0,9,291.5674,138.23319999999998,163.30839999999952,12.914399999999993,12.914399999999993,0,100.0,3.4558299999999997,600.0,0.0,
Trieste_Q6.40.4,6,40,9,fcrmax,II,ottimo,366.2505999999991,366.2505999999991,0.0,0.05500006675720215,1.0,9,262.9354,153.1756,225.45879999999906,12.914399999999993,12.914399999999993,0,100.0,3.82939,600.0,0.0,
Trieste_Q3.60.1,3,60,10,fc,II,ottimo,377.34039999999993,377.34039999999993,0.0,2.4600000381469727,2175.0,10,377.3404,476.3504000000001,605.7354000000005,27.715600000000023,28.070600000000013,0,100.0,7.9391733333333345,600.0,0.0,
Trieste_Q3.60.1,3,60,10,fr,II,ottimo,299.5971994654546,299.5971994654546,0.0,28.072999954223633,18333.0,10,427.3582,299.59720000000004,299.5971994654556,26.626800000000003,26.626799999999946,0,100.0,4.993286666666667,600.0,0.0,
Trieste_Q3.60.1,3,60,10,fcr,II,ottimo,716.047599999998,716.047599999998,0.0,19.960999965667725,15957.0,10,410.3308,305.71680000000003,305.7167999999988,26.626800000000003,26.626799999999974,0,100.0,5.095280000000001,600.0,0.0,
Trieste_Q3.60.1,3,60,10,frcr,II,ottimo,549.3842999999998,549.3842999999998,0.0,4.406000137329102,2362.0,10,343.6327,25.751599999999996,25.751599999999826,14.585999999999999,14.585999999999999,9,85.0,0.5049333333333332,600.0,0.0,
Trieste_Q3.60.1,3,60,10,frmax,II,ottimo,26.626799999999896,26.626799999999896,0.0,4.341000080108643,2306.0,10,438.6376,451.8412,641.1805999999993,26.626800000000003,26.626800000000003,0,100.0,7.530686666666667,600.0,0.0,
Trieste_Q3.60.1,3,60,10,fcrmax,II,ottimo,698.3773000000001,698.3773000000001,0.0,3.8610000610351562,2347.0,10,378.8557,470.3316000000001,602.0198,26.626800000000003,26.626800000000003,0,100.0,7.838860000000001,600.0,0.0,
Trieste_Q3.60.2,3,60,9,fc,II,ottimo,368.1326,368.1326,0.0,0.8289999961853027,1.0,9,368.1326,542.5832,561.5921999999952,33.15080000000001,33.15080000000001,0,100.0,9.043053333333335,600.0,0.0,
Trieste_Q3.60.2,3,60,9,fr,II,ottimo,276.45080000002633,276.45080000002633,0.0,15.085000038146973,5374.0,9,427.7092,276.4508000000001,276.4508000000659,25.786000000000016,25.786000000039635,0,100.0,4.607513333333334,600.0,0.0,
Trieste_Q3.60.2,3,60,9,fcr,II,ottimo,700.7991856757983,700.7991856757983,0.0,11.858000040054321,5692.0,9,421.05,279.7492000000001,279.7491856757992,25.786000000000016,25.786000000000016,0,100.0,4.662486666666668,600.0,0.0,
Trieste_Q3.60.2,3,60,9,frcr,II,ottimo,502.8750980802498,502.8750980802498,0.0,3.8369998931884766,1.0,9,316.8535,26.02159999999998,26.021598079761986,11.482799999999997,11.482799999999855,8,86.66666666666667,0.5004153846153843,600.0,0.0,
Trieste_Q3.60.2,3,60,9,frmax,II,ottimo,25.772399999999998,25.772399999999998,0.0,0.8670001029968262,1.0,9,427.6911,434.5548000000001,707.9433999999999,25.772399999999998,25.772400000000005,0,100.0,7.242580000000002,600.0,0.0,
Trieste_Q3.60.2,3,60,9,fcrmax,II,ottimo,680.9319999999984,680.9319999999984,0.0,2.2720000743865967,1.0,9,371.5,494.97479999999996,494.97479999999007,25.786000000000016,25.785999999999802,0,100.0,8.24958,600.0,0.0,
Trieste_Q3.60.3,3,60,10,fc,II,ottimo,379.09710000000007,379.0971,0.0,1.3050000667572021,1.0,10,379.0971,467.1014000000002,625.3511999999985,33.77359999999999,33.7735999999999,0,100.0,7.785023333333337,600.0,0.0,
Trieste_Q3.60.3,3,60,10,fr,II,ottimo,242.5816000000002,242.5816000000002,0.0,102.27300000190735,69955.0,10,448.3291,242.5816000000002,242.5816000000002,33.77359999999999,33.77359999999999,0,100.0,4.0430266666666705,600.0,0.0,
Trieste_Q3.60.3,3,60,10,fcr,II,ottimo,686.075,686.075,0.0,40.132999897003174,31294.0,10,439.4938,246.58120000000017,246.58120000000017,33.77359999999999,33.77359999999999,0,100.0,4.109686666666669,600.0,0.0,
Trieste_Q3.60.3,3,60,10,frcr,II,ottimo,565.5155,565.5155,0.0,1.878999948501587,620.0,10,351.0327,34.482799999999976,34.48280000000014,9.475999999999999,9.475999999999999,9,85.0,0.6761333333333329,600.0,0.0,
Trieste_Q3.60.3,3,60,10,frmax,II,ottimo,14.666799999999645,14.666799999999645,0.0,21.67900013923645,3183.0,10,463.5754,338.49720000000025,417.5195999999929,14.666799999999995,14.666799999999654,0,100.0,5.641620000000004,600.0,0.0,
Trieste_Q3.60.3,3,60,10,fcrmax,II,ottimo,611.3769000000002,611.3768999999994,0.0,40.90999984741211,33803.0,10,427.92089999999996,411.2188000000004,424.8064000000002,15.288000000000011,15.288000000000011,0,100.0,6.853646666666673,600.0,0.0,
Trieste_Q3.60.4,3,60,9,fc,II,ottimo,341.14090000000004,341.1409,0.0,0.35500001907348633,1.0,9,341.1409,430.85979999999984,579.232199999999,27.917599999999993,31.200400000000002,0,100.0,7.180996666666664,600.0,0.0,
Trieste_Q3.60.4,3,60,9,fr,II,ottimo,157.43600000000006,157.43600000000006,0.0,151.48200011253357,95619.0,9,415.7052,157.436,157.43600000000006,21.633200000000002,21.633200000000002,0,100.0,2.6239333333333335,600.0,0.0,
Trieste_Q3.60.4,3,60,9,fcr,II,ottimo,557.3717999999998,557.3717999999998,0.0,53.068000078201294,25353.0,9,389.8258,167.54600000000002,167.54599999999982,20.483199999999997,20.483200000000025,0,100.0,2.7924333333333338,600.0,0.0,
Trieste_Q3.60.4,3,60,9,frcr,II,ottimo,487.3764999999984,487.3764999999984,0.0,6.569000005722046,3500.0,9,341.8725,45.50399999999999,45.50399999999878,8.454799999999992,8.454799999999992,5,91.66666666666667,0.8273454545454544,600.0,0.0,
Trieste_Q3.60.4,3,60,9,frmax,II,ottimo,11.971599999999995,11.971599999999995,0.0,4.325000047683716,5030.0,9,427.1398,256.0204000000001,319.37479999869777,11.971599999999995,11.971600000000024,0,100.0,4.267006666666669,600.0,0.0,
Trieste_Q3.60.4,3,60,9,fcrmax,II,ottimo,528.8966000000003,528.8966000000003,0.0,13.723000049591064,3940.0,9,375.3926,304.95399999999995,414.48519999999814,12.792000000000016,12.79200000000003,0,100.0,5.082566666666666,600.0,0.0,
Trieste_Q3.60.5,3,60,9,fc,II,ottimo,309.80029999999994,309.80029999999994,0.0,0.625,1.0,9,309.8003,377.43300000000033,499.7537999999997,29.004000000000005,29.004000000000005,0,100.0,6.290550000000006,600.0,0.0,
Trieste_Q3.60.5,3,60,9,fr,II,ottimo,85.74599948874942,85.74599948874942,0.0,2.2220001220703125,1379.0,9,373.8615,85.74600000000004,85.74599948874943,8.5728,8.5728,0,100.0,1.4291000000000007,600.0,0.0,
Trieste_Q3.60.5,3,60,9,fcr,II,ottimo,450.5941999999985,450.5941999999985,0.0,1.9140000343322754,1025.0,9,353.0034,97.5908,97.59079999999913,8.970399999999998,8.97039999999977,0,100.0,1.6265133333333333,600.0,0.0,
Trieste_Q3.60.5,3,60,9,frcr,II,ottimo,402.12059999999985,402.1205999999993,0.0,1.377000093460083,1.0,9,299.0698,43.05080000000005,43.05079999999981,8.955600000000004,8.955599999999833,3,95.0,0.7552771929824571,600.0,0.0,
Trieste_Q3.60.5,3,60,9,frmax,II,ottimo,8.5728,8.5728,0.0,0.3320000171661377,1.0,9,363.5184,127.22760000000004,219.38379999994464,8.5728,8.57280000000003,0,100.0,2.1204600000000005,600.0,0.0,
Trieste_Q3.60.5,3,60,9,fcrmax,II,ottimo,441.092,441.092,0.0,0.46700000762939453,1.0,9,333.6248,173.03600000000003,264.58799999999843,8.955600000000004,8.955600000000032,0,100.0,2.8839333333333337,600.0,0.0,
Trieste_Q6.60.2,6,60,11,fc,II,ottimo,348.3677,348.36769999999996,0.0,0.44099998474121094,1.0,11,348.3677,371.8015999999998,656.688,31.184399999999982,36.81479999999999,0,100.0,6.19669333333333,600.0,0.0,
Trieste_Q6.60.2,6,60,11,fr,II,ottimo,161.0539999999998,161.05399999999963,0.0,7.104000091552734,4889.0,11,415.59569999999997,161.05399999999983,161.05400000000003,22.456399999999974,22.456399999999974,0,100.0,2.6842333333333306,600.0,0.0,
Trieste_Q6.60.2,6,60,11,fcr,II,ottimo,557.885099999996,557.885099999996,0.0,6.393999814987183,3147.0,11,395.4483,162.43679999999983,162.43679999999628,22.456399999999974,22.45639999999932,0,100.0,2.7072799999999972,600.0,0.0,
Trieste_Q6.60.2,6,60,11,frcr,II,ottimo,452.3268999999998,452.3268999999998,0.0,1.6440000534057617,1.0,11,280.7981,11.528799999999997,11.528799999999855,3.265599999999999,3.265599999999999,8,86.66666666666667,0.22170769230769224,600.0,0.0,
Trieste_Q6.60.2,6,60,11,frmax,II,ottimo,13.529999999999987,13.529999999999987,0.0,0.8870000839233398,1.0,11,438.3064,290.3051999999998,374.271799999998,13.529999999999987,13.530000000000001,0,100.0,4.838419999999997,600.0,0.0,
Trieste_Q6.60.2,6,60,11,fcrmax,II,ottimo,559.9859999999987,559.9859999999987,0.0,1.940999984741211,1369.0,11,397.626,253.0199999999999,367.5673999999971,13.529999999999987,13.529999999999987,0,100.0,4.216999999999998,600.0,0.0,
Trieste_Q6.60.5,6,60,12,fc,II,ottimo,399.503,399.50299999999993,0.0,0.13699984550476074,1.0,12,399.503,250.40280000000007,427.8732000000015,18.260000000000005,19.134600000000006,0,100.0,4.173380000000001,600.0,0.0,
Trieste_Q6.60.5,6,60,12,fr,II,ottimo,106.83599999999996,106.83599999999751,0.0,0.6519999504089355,45.0,12,449.9327,106.83600000000004,106.83600000000001,14.758800000000008,14.758800000000008,0,100.0,1.7806000000000006,600.0,0.0,
Trieste_Q6.60.5,6,60,12,fcr,II,ottimo,536.8688999999993,536.8688999999993,0.0,0.4609999656677246,48.0,12,427.8697,108.99920000000003,108.99919999999952,14.758800000000008,14.758800000000008,0,100.0,1.816653333333334,600.0,0.0,
Trieste_Q6.60.5,6,60,12,frcr,II,ottimo,474.34860000000003,474.34860000000003,0.0,0.09299993515014648,1.0,12,358.5654,15.783199999999988,15.783199999999926,6.645200000000003,6.645200000000003,5,91.66666666666667,0.2869672727272725,600.0,0.0,
Trieste_Q6.60.5,6,60,12,frmax,II,ottimo,14.203999999999793,14.203999999999793,0.0,0.09000015258789062,1.0,12,455.7044,207.55119999999997,271.9388000000004,14.204000000000008,14.20399999999978,0,100.0,3.459186666666666,600.0,0.0,
Trieste_Q6.60.5,6,60,12,fcrmax,II,ottimo,572.0610999999975,572.0610999999974,0.0,0.2070000171661377,1.0,12,401.61310000000003,279.85920000000004,354.269799999999,14.204000000000008,14.203999999999795,0,100.0,4.664320000000001,600.0,0.0,
Trieste_Q3.80.1,3,80,11,fc,II,ottimo,485.6837,485.6837,0.0,2.2780001163482666,1138.0,11,485.6837,556.1845999999999,755.0825000000004,25.063999999999993,25.06400000000005,0,100.0,6.952307499999999,600.0,0.0,
Trieste_Q3.80.1,3,80,11,fr,II,ottimo,279.33615058003954,279.33615058003954,0.0,358.5629999637604,68879.0,11,550.1502,279.33639999999974,279.3361505800404,17.553999999999988,17.553999999999988,0,100.0,3.491704999999997,600.0,0.0,
Trieste_Q3.80.1,3,80,11,fcr,II,ottimo,817.5507000000224,817.5507000000224,0.0,81.05100011825562,17792.0,11,537.3559,280.1947999999998,280.1948000000237,21.19120000000001,21.19120000000001,0,100.0,3.5024349999999975,600.0,0.0,
Trieste_Q3.80.1,3,80,11,frcr,II,ottimo,699.972599370938,699.972599370938,0.0,22.781999826431274,1494.0,11,433.3414,106.63120000000002,106.63120010667309,17.553999999999988,17.55399999999993,8,90.0,1.4809888888888891,600.0,0.0,
Trieste_Q3.80.1,3,80,11,frmax,II,ottimo,12.334799999999284,12.334799999999284,0.0,45.41699981689453,22074.0,11,564.8739,426.48839999999996,495.37520281700967,12.334800000000001,12.33479999999929,0,100.0,5.331104999999999,600.0,0.0,
Trieste_Q3.80.1,3,80,11,fcrmax,II,ottimo,739.377799999999,739.3777999999988,0.0,140.4909999370575,26465.0,11,528.1202000000001,426.9016,500.3315999999926,13.203599999999994,13.203600000000165,0,100.0,5.33627,600.0,0.0,
Trieste_Q3.80.5,3,80,11,fc,II,ottimo,500.30559999999997,500.30559999999997,0.0,51.579999923706055,20395.0,11,500.3056,677.1432,881.5273999999987,30.631600000000006,30.963000000000008,0,100.0,8.46429,600.0,0.0,
Trieste_Q3.80.5,3,80,11,fr,II,time_limit,422.8222058431071,356.49245643125255,0.15687385500388534,600.0240001678467,42795.0,11,553.7975,422.82239999999996,422.8222058431085,26.956799999999994,26.956799999999895,0,100.0,5.285279999999999,600.0,0.0,
Trieste_Q3.80.5,3,80,11,fcr,II,time_limit,973.278293687071,915.7799348217424,0.059076997029809,600.0279998779297,43459.0,11,535.1282,438.15039999999993,438.1500576741246,26.956799999999994,26.956799999999994,0,100.0,5.4768799999999995,600.0,0.0,
Trieste_Q3.80.5,3,80,11,frcr,II,ottimo,732.1842999999994,732.1842999999994,0.0,43.35900020599365,1604.0,11,446.8035,65.38080000000002,65.38079999999965,11.226800000000004,11.226800000000019,11,86.25,0.9475478260869569,600.0,0.0,
Trieste_Q3.80.5,3,80,11,frmax,II,ottimo,14.494399999999906,14.494399999999906,0.0,28.77300000190735,11202.0,11,559.1398,563.4748,633.1313999984058,14.494399999999992,14.494399999999935,0,100.0,7.043435,600.0,0.0,
Trieste_Q3.80.5,3,80,11,fcrmax,II,ottimo,778.9372000000001,778.9372000000001,0.0,238.106999874115,95062.0,11,535.5516,554.9707999999999,554.9707999999999,15.211600000000004,15.211600000000004,0,100.0,6.937135,600.0,0.0,
Trieste_Q6.80.2,6,80,13,fc,II,ottimo,482.35949999999997,482.35949999999985,0.0,3.482999801635742,732.0,13,482.35949999999997,568.4268,682.1356000000001,29.189999999999998,29.18999999999994,0,100.0,7.105334999999999,600.0,0.0,
Trieste_Q6.80.2,6,80,13,fr,II,ottimo,390.8218663301402,390.8218663301402,0.0,502.69799995422363,662238.0,13,510.3426,390.82199999999995,390.8218663301401,20.267200000000003,20.267199999999974,0,100.0,4.885274999999999,600.0,0.0,
Trieste_Q6.80.2,6,80,13,fcr,II,ottimo,894.2278,894.2278,0.0,71.25399994850159,69951.0,13,496.935,397.29279999999994,397.2928,20.267200000000003,20.267200000000003,0,100.0,4.9661599999999995,600.0,0.0,
Trieste_Q6.80.2,6,80,13,frcr,II,ottimo,637.6079999999952,637.6079999999952,0.0,4.223999977111816,1.0,13,424.5012,33.10680000000002,33.10679999999545,7.434000000000012,7.434000000000012,9,88.75,0.46629295774647916,600.0,0.0,
Trieste_Q6.80.2,6,80,13,frmax,II,ottimo,18.423199999999966,18.423199999999966,0.0,1.496999979019165,1.0,13,530.191,507.4848000000001,638.026599999999,18.42320000000001,18.423199999999966,0,100.0,6.343560000000002,600.0,0.0,
Trieste_Q6.80.2,6,80,13,fcrmax,II,ottimo,782.0861999999997,782.0861999999995,0.0,13.631999969482422,3238.0,13,487.315,552.1792,669.0575999999998,18.42320000000001,18.42320000000001,0,100.0,6.902240000000001,600.0,0.0,
Trieste_Q6.80.3,6,80,14,fc,II,ottimo,510.50180000000006,510.5018,0.0,12.600000143051147,3067.0,14,510.5018,565.0063999999998,785.2338000000002,27.705599999999976,34.557199999999966,0,100.0,7.062579999999997,600.0,0.0,
Trieste_Q6.80.3,6,80,14,fr,II,time_limit,411.4015997325917,399.89015737538176,0.027981034504222405,600.0430002212524,545844.0,14,532.5752,411.4015999999999,411.4015997426974,21.717600000000004,21.717599999999806,0,100.0,5.142519999999999,600.0,0.0,
Trieste_Q6.80.3,6,80,14,fcr,II,ottimo,939.0510999999999,939.0510999999999,0.0,378.41799998283386,219429.0,14,524.0547,414.9963999999999,414.99639999999994,27.705599999999976,27.705599999999976,0,100.0,5.187454999999998,600.0,0.0,
Trieste_Q6.80.3,6,80,14,frcr,II,ottimo,626.2598999999998,626.2598999999996,0.0,1.5299999713897705,1.0,14,407.6255,18.63440000000003,18.634399999999737,5.647599999999983,5.647599999999926,10,87.5,0.2662057142857147,600.0,0.0,
Trieste_Q6.80.3,6,80,14,frmax,II,ottimo,20.403599999999923,20.403599999999923,0.0,12.462999820709229,3297.0,14,553.0464000000001,551.7716,711.8984000000002,20.40360000000001,20.403599999999926,0,100.0,6.897145,600.0,0.0,
Trieste_Q6.80.3,6,80,14,fcrmax,II,ottimo,858.4870999999971,858.4870999999969,0.0,23.499000072479248,6948.0,14,532.0295,578.5903999999999,657.5859999999979,20.40360000000001,20.40359999999984,0,100.0,7.232379999999999,600.0,0.0,
Trieste_Q6.80.4,6,80,14,fc,II,ottimo,556.7482,556.7482,0.0,1.7670001983642578,34.0,14,556.7482,630.2608,848.1741999999995,30.999599999999987,36.57199999999993,0,100.0,7.87826,600.0,0.0,
Trieste_Q6.80.4,6,80,14,fr,II,time_limit,421.8299975458474,388.44265687180143,0.07914880607896359,600.0240001678467,245214.0,14,585.8189,421.8300000000001,421.82999754584796,30.999599999999987,30.999599999999987,0,100.0,5.272875000000001,600.0,0.0,
Trieste_Q6.80.4,6,80,14,fcr,II,ottimo,1007.2276366914142,1007.2276366914142,0.0,465.845999956131,249692.0,14,585.2578,421.97000000000014,421.96981958917024,30.999599999999987,30.999599999999987,0,100.0,5.274625000000002,600.0,0.0,
Trieste_Q6.80.4,6,80,14,frcr,II,ottimo,681.3976999999996,681.3976999999996,0.0,0.8269999027252197,1.0,14,439.6077,41.78999999999994,41.789999999999765,7.986800000000002,7.986800000000002,10,87.5,0.5969999999999992,600.0,0.0,
Trieste_Q6.80.4,6,80,14,frmax,II,ottimo,14.787599999999937,14.787599999999937,0.0,21.332000017166138,7151.0,14,608.9502,599.8207999999998,683.845799999998,14.787599999999998,14.787600000000566,0,100.0,7.497759999999998,600.0,0.0,
Trieste_Q6.80.4,6,80,14,fcrmax,II,ottimo,832.1744999999988,832.1744999999987,0.0,17.360000133514404,9233.0,14,594.1585,619.0176000000001,731.4149999999981,14.876000000000005,14.87599999999999,0,100.0,7.737720000000001,600.0,0.0,
Trieste_Q6.80.5,6,80,14,fc,II,ottimo,477.54980000000006,477.54979999999995,0.0,0.4980001449584961,1.0,14,477.5498,412.72119999999995,459.13719999999546,26.3604,26.3604,0,100.0,5.159014999999999,600.0,0.0,
Trieste_Q6.80.5,6,80,14,fr,II,ottimo,177.6763999999976,177.67639999999483,0.0,1.1050000190734863,1.0,14,556.0426,177.67640000000014,177.6763999999984,18.524400000000014,18.524400000000014,0,100.0,2.220955000000002,600.0,0.0,
Trieste_Q6.80.5,6,80,14,fcr,II,ottimo,704.6730999999979,704.6730999999909,0.0,1.9249999523162842,1.0,14,524.1107,180.56240000000014,180.5624000000008,18.524400000000014,18.524400000000014,0,100.0,2.2570300000000016,600.0,0.0,
Trieste_Q6.80.5,6,80,14,frcr,II,ottimo,620.4428999999994,620.4428999999931,0.0,0.6730000972747803,1.0,14,439.2929,41.150000000000034,41.14999999999969,9.6436,9.6436,7,91.25,0.5636986301369867,600.0,0.0,
Trieste_Q6.80.5,6,80,14,frmax,II,ottimo,18.52439999999996,18.52439999999996,0.0,0.2720000743865967,1.0,14,561.755,318.0096000000001,447.9247999999998,18.524400000000014,18.52440000000003,0,100.0,3.9751200000000013,600.0,0.0,
Trieste_Q6.80.5,6,80,14,fcrmax,II,ottimo,786.4860999999986,786.486099999998,0.0,1.4399998188018799,1.0,14,490.0957,448.51080000000013,550.2275999999956,18.524400000000014,18.524400000000014,0,100.0,5.606385000000001,600.0,0.0,
Trieste_Q3.100.1,3,100,13,fc,II,ottimo,441.6673,441.66729999999995,0.0,3.9159998893737793,1.0,13,441.6673,699.3646,980.6301999999916,28.0368,28.036799999999232,0,100.0,6.993646,600.0,0.0,
Trieste_Q3.100.1,3,100,13,fr,II,time_limit,196.61559956327312,176.04158636502092,0.1046407978001321,600.0350000858307,49821.0,13,577.1755,196.6156,196.61559978189945,20.049999999999997,20.050000000000026,0,100.0,1.966156,600.0,0.0,
Trieste_Q3.100.1,3,100,13,fcr,II,time_limit,739.0516978782189,736.6312184773802,0.003275115134418501,600.0350000858307,105219.0,13,531.0773,207.9744,207.97439999999946,20.049999999999997,20.04999999999997,0,100.0,2.079744,600.0,0.0,
Trieste_Q3.100.1,3,100,13,frcr,II,ottimo,692.6497903254915,692.6497903254915,0.0,112.49000000953674,14474.0,13,509.9166,82.73319999999994,82.73319999999926,8.869999999999997,8.869999999999997,5,95.0,0.8708757894736836,600.0,0.0,
Trieste_Q3.100.1,3,100,13,frmax,II,ottimo,9.851199999999968,9.851199999999968,0.0,8.218000173568726,1329.0,13,565.8542,284.7716000000001,545.3175992480885,9.851200000000006,9.851200000000006,0,100.0,2.847716000000001,600.0,0.0,
Trieste_Q3.100.1,3,100,13,fcrmax,II,ottimo,696.994999999999,696.994999999999,0.0,143.53399991989136,23271.0,13,499.971,404.3476,516.8989471180146,9.851200000000006,9.851199999999999,0,100.0,4.043476,600.0,0.0,
Trieste_Q3.100.2,3,100,13,fc,II,ottimo,528.7803,528.7803,0.0,4.703999996185303,1402.0,13,528.7803,774.2861999999999,1104.4910000000004,27.80559999999999,28.42439999999999,0,100.0,7.742861999999999,600.0,0.0,
Trieste_Q3.100.2,3,100,13,fr,II,time_limit,366.3227842806059,296.8580923740968,0.1896270035262088,600.0210001468658,22383.0,13,608.5798,366.3228000000001,366.3227849142101,27.80559999999999,27.805599999999977,0,100.0,3.663228000000001,600.0,0.0,
Trieste_Q3.100.2,3,100,13,fcr,II,time_limit,941.3122902193522,906.8455097557456,0.03661567029532236,600.0889999866486,21170.0,13,583.5819,357.7304,357.7303916313238,27.80559999999999,27.805599999999977,0,100.0,3.577304,600.0,0.0,
Trieste_Q3.100.2,3,100,13,frcr,II,ottimo,772.4746996452325,772.4746996452325,0.0,28.293999910354614,1484.0,13,491.2827,61.191999999999986,61.191993693314465,8.520399999999995,8.520397253821585,11,89.0,0.6875505617977526,600.0,0.0,
Trieste_Q3.100.2,3,100,13,frmax,II,ottimo,13.89719999999997,13.89719999999997,0.0,35.48799991607666,5365.0,13,645.9366,635.4895999999998,725.184800867551,13.897200000000026,13.89719999999997,0,100.0,6.354895999999997,600.0,0.0,
Trieste_Q3.100.2,3,100,13,fcrmax,II,time_limit,879.1249999999928,830.4793422776407,0.05533417628022465,600.7869999408722,20882.0,13,582.085,603.2078000000004,719.0909999999907,14.85199999999999,14.85199999999972,0,100.0,6.032078000000004,600.0,0.0,
Trieste_Q3.100.3,3,100,13,fc,II,ottimo,545.3469835446274,545.3469835402927,7.948428944221085e-12,151.14800000190735,13874.0,13,545.347,889.3424000000001,1019.5392270785196,29.682000000000016,33.018800000000056,0,100.0,8.893424000000001,600.0,0.0,
Trieste_Q3.100.3,3,100,13,fr,II,time_limit,,,,600.0360000133514,5323.0,,,,,,,,,,600.0,0.0,
Trieste_Q3.100.3,3,100,13,fcr,II,time_limit,1212.5718984412906,892.9703511426083,0.2635732757039121,600.0329999923706,5681.0,13,625.3359,587.236,587.2359985341029,25.34039999999999,25.34039999999999,0,100.0,5.87236,600.0,0.0,
Trieste_Q3.100.3,3,100,13,frcr,II,time_limit,905.7114992389704,844.5234642428907,0.06755797519132016,600.029000043869,10503.0,13,518.4983,87.21320000000011,87.21319980625907,10.397600000000004,10.397600000000004,15,85.0,1.0260376470588248,600.0,0.0,
Trieste_Q3.100.3,3,100,13,frmax,II,time_limit,,,,600.039999961853,1498.0,,,,,,,,,,600.0,0.0,
Trieste_Q3.100.3,3,100,13,fcrmax,II,time_limit,956.4272999999964,856.0289782202613,0.104972245961335,600.0349998474121,15097.0,13,562.0913,776.2241999999999,903.1569999999926,19.716800000000006,19.716800000000006,0,100.0,7.762241999999999,600.0,0.0,
Trieste_Q3.100.4,3,100,13,fc,II,ottimo,559.8485,559.8485,0.0,36.67799997329712,5572.0,13,559.8485000000001,868.5383999999999,960.5944000000472,27.988000000000014,30.841599999999985,0,100.0,8.685383999999999,600.0,0.0,
Trieste_Q3.100.4,3,100,13,fr,II,time_limit,428.87998679068556,333.7041407246552,0.2219172006095049,600.0479998588562,20881.0,13,655.6778,428.87999999999994,428.87998732103625,21.4696,21.46959999999966,0,100.0,4.288799999999999,600.0,0.0,
Trieste_Q3.100.4,3,100,13,fcr,II,time_limit,1069.886998845676,981.7175988248836,0.08241001163292981,600.4960000514984,20936.0,13,641.8798,428.00719999999995,428.00719999999984,18.665599999999998,18.665599999999998,0,100.0,4.280072,600.0,0.0,
Trieste_Q3.100.4,3,100,13,frcr,II,ottimo,895.7763999999986,895.7763999999986,0.0,128.70600008964539,5880.0,13,486.5624,109.21399999999991,109.21399999999895,12.735599999999991,12.735599999999991,15,85.0,1.284870588235293,600.0,0.0,
Trieste_Q3.100.4,3,100,13,frmax,II,ottimo,13.30319999999993,13.30319999999993,0.0,74.90300011634827,11034.0,13,668.0943,612.5436,717.191760025967,13.303200000000004,13.303200000000004,0,100.0,6.125436,600.0,0.0,
Trieste_Q3.100.4,3,100,13,fcrmax,II,ottimo,892.6684,892.6683999999999,0.0,189.5220000743866,22045.0,13,618.5724,633.8471999999997,738.7445999999927,13.704800000000006,13.70480000000012,0,100.0,6.338471999999997,600.0,0.0,
Trieste_Q3.100.5,3,100,13,fc,II,ottimo,507.068,507.068,0.0,44.22000002861023,3255.0,13,507.068,848.774,1006.5047999999523,33.906000000000006,34.62100000000001,0,100.0,8.48774,600.0,0.0,
Trieste_Q3.100.5,3,100,13,fr,II,time_limit,269.03479863632197,206.3692228460868,0.2329273986408938,600.0240001678467,21236.0,13,607.7073,269.03479999999985,269.0347986363316,28.337999999999994,28.337999999999994,0,100.0,2.6903479999999984,600.0,0.0,
Trieste_Q3.100.5,3,100,13,fcr,II,time_limit,869.211497528448,817.539243376958,0.059447274108104964,600.1770000457764,20794.0,13,591.9251,277.28639999999984,277.28639906942874,28.337999999999994,28.337999999999994,0,100.0,2.7728639999999984,600.0,0.0,
Trieste_Q3.100.5,3,100,13,frcr,II,ottimo,772.2465980384936,772.2465980384936,0.0,164.31699991226196,18082.0,13,489.673,82.5736,82.5736000000084,10.35159999999999,10.351599999999962,10,90.0,0.9174844444444444,600.0,0.0,
Trieste_Q3.100.5,3,100,13,frmax,II,ottimo,11.462399999999928,11.462399999999928,0.0,16.75,1865.0,13,628.2305,494.1124,581.4603959551525,11.462400000000002,11.462400000000002,0,100.0,4.941123999999999,600.0,0.0,
Trieste_Q3.100.5,3,100,13,fcrmax,II,time_limit,818.7942999999983,804.0222100880943,0.018041271063933925,600.0330002307892,110831.0,13,583.8743,508.43559999999985,691.0401999999963,11.74600000000001,11.745999999999967,0,100.0,5.084355999999999,600.0,0.0,
Trieste_Q6.100.2,6,100,17,fc,II,ottimo,551.7097,551.7097,0.0,22.267000198364258,6164.0,17,551.7097,709.2488,877.0374,28.101200000000006,28.10639999999998,0,100.0,7.0924879999999995,600.0,0.0,
Trieste_Q6.100.2,6,100,17,fr,II,time_limit,329.65759215729213,290.54026130277833,0.11866048829189238,600.029000043869,183060.0,17,627.6353,329.6576,329.65760000000023,23.21119999999999,23.211199999999877,0,100.0,3.296576,600.0,0.0,
Trieste_Q6.100.2,6,100,17,fcr,II,time_limit,931.9390683144952,911.6059403869457,0.021818087275087647,600.0360000133514,232817.0,17,595.4583,336.48080000000004,336.48076753771954,23.21119999999999,23.21119999999982,0,100.0,3.3648080000000005,600.0,0.0,
Trieste_Q6.100.2,6,100,17,frcr,II,ottimo,708.1591999999996,708.1591999999996,0.0,2.9200000762939453,1.0,17,511.022,37.137200000000085,37.13719999999978,8.065199999999997,8.065200000000004,8,92.0,0.4036652173913053,600.0,0.0,
Trieste_Q6.100.2,6,100,17,frmax,II,ottimo,14.938399999999975,14.938399999999975,0.0,17.97099995613098,1434.0,17,649.8075,519.7120000000001,607.872399999997,14.938400000000001,14.938400000000001,0,100.0,5.197120000000001,600.0,0.0,
Trieste_Q6.100.2,6,100,17,fcrmax,II,ottimo,888.2954999999996,888.2954999999996,0.0,51.532999992370605,15669.0,17,589.5275,563.5152000000002,704.9224000000005,14.938400000000001,14.938400000000172,0,100.0,5.6351520000000015,600.0,0.0,
Trieste_Q6.100.4,6,100,17,fc,II,ottimo,620.4973,620.4973,0.0,16.043999910354614,2983.0,17,620.4973,620.9000000000001,879.6074000000021,23.256799999999984,23.807199999999995,0,100.0,6.2090000000000005,600.0,0.0,
Trieste_Q6.100.4,6,100,17,fr,II,ottimo,266.28360000000004,266.28360000000004,0.0,274.01900005340576,111636.0,17,698.3854,266.2836000000001,266.28360000000004,18.8288,18.8288,0,100.0,2.662836000000001,600.0,0.0,
Trieste_Q6.100.4,6,100,17,fcr,II,ottimo,940.0529,940.0529,0.0,218.93799996376038,138657.0,17,666.4105,273.64240000000007,273.64240000000007,18.8288,18.8288,0,100.0,2.736424000000001,600.0,0.0,
Trieste_Q6.100.4,6,100,17,frcr,II,ottimo,757.6556000000139,757.6556000000139,0.0,7.73199987411499,79.0,17,562.1944,55.461200000000034,55.461200000017264,11.126000000000005,11.125999999999777,7,93.0,0.5963569892473122,600.0,0.0,
Trieste_Q6.100.4,6,100,17,frmax,II,ottimo,13.002399999999916,13.002399999999916,0.0,61.32599997520447,1480.0,17,694.875,379.2680000000002,455.27439999717984,13.002400000000023,13.002399999999994,0,100.0,3.792680000000002,600.0,0.0,
Trieste_Q6.100.4,6,100,17,fcrmax,II,ottimo,908.4183999997882,908.4183999997882,0.0,54.681999921798706,13877.0,17,640.7704,461.34800000000024,619.657199999734,13.38239999999999,13.382399999989417,0,100.0,4.613480000000003,600.0,0.0,
